<?xml version="1.0" encoding="UTF-8" standalone="yes"?>
<flowpaths>
    <idAnalysis>2c921b87-9526-467e-a83a-7ebaa0b09f5b</idAnalysis>
    <leakage sensitivedatatype="CreditCardInfo" leakagepointtype="DB">
        <paths>
            <path filePath="GDPR_Results.zip/CreditCardInfo_DB_FlowSubGraph_1_6_id_2c921b87-9526-467e-a83a-7ebaa0b09f5b.graphml">
                <sinkPhysicalLocation sourcefile="com/ticketmagpie/infrastructure/persistence/TicketRepository.java" line="25" artifacts="C:\Users\OlivieriL\Desktop\gdpr\ticketmagpie-0.1.0.jar"/>
                <sinkLogicalLocation class="TicketRepository" package="com.ticketmagpie.infrastructure.persistence" member="save"/>
                <sourcePhysicalLocation sourcefile="com/ticketmagpie/Ticket.java" line="84" artifacts="C:\Users\OlivieriL\Desktop\gdpr\ticketmagpie-0.1.0.jar"/>
                <sourceLogicalLocation class="Ticket" package="com.ticketmagpie" member="cardnumber"/>
            </path>
            <path filePath="GDPR_Results.zip/CreditCardInfo_DB_FlowSubGraph_1_8_id_2c921b87-9526-467e-a83a-7ebaa0b09f5b.graphml">
                <sinkPhysicalLocation sourcefile="com/ticketmagpie/infrastructure/persistence/TicketRepository.java" line="25" artifacts="C:\Users\OlivieriL\Desktop\gdpr\ticketmagpie-0.1.0.jar"/>
                <sinkLogicalLocation class="TicketRepository" package="com.ticketmagpie.infrastructure.persistence" member="save"/>
                <sourcePhysicalLocation sourcefile="com/ticketmagpie/Ticket.java" line="90" artifacts="C:\Users\OlivieriL\Desktop\gdpr\ticketmagpie-0.1.0.jar"/>
                <sourceLogicalLocation class="Ticket" package="com.ticketmagpie" member="expirydate"/>
            </path>
            <path filePath="GDPR_Results.zip/CreditCardInfo_DB_FlowSubGraph_1_7_id_2c921b87-9526-467e-a83a-7ebaa0b09f5b.graphml">
                <sinkPhysicalLocation sourcefile="com/ticketmagpie/infrastructure/persistence/TicketRepository.java" line="25" artifacts="C:\Users\OlivieriL\Desktop\gdpr\ticketmagpie-0.1.0.jar"/>
                <sinkLogicalLocation class="TicketRepository" package="com.ticketmagpie.infrastructure.persistence" member="save"/>
                <sourcePhysicalLocation sourcefile="com/ticketmagpie/Ticket.java" line="87" artifacts="C:\Users\OlivieriL\Desktop\gdpr\ticketmagpie-0.1.0.jar"/>
                <sourceLogicalLocation class="Ticket" package="com.ticketmagpie" member="cvv2"/>
            </path>
        </paths>
    </leakage>
    <leakage sensitivedatatype="Password" leakagepointtype="Internet">
        <paths>
            <path filePath="GDPR_Results.zip/Password_Internet_FlowSubGraph_2_id_2c921b87-9526-467e-a83a-7ebaa0b09f5b.graphml">
                <sinkPhysicalLocation sourcefile="com/ticketmagpie/infrastructure/MailService.java" line="48" artifacts="C:\Users\OlivieriL\Desktop\gdpr\ticketmagpie-0.1.0.jar"/>
                <sinkLogicalLocation class="MailService" package="com.ticketmagpie.infrastructure" member="sendEmail"/>
                <sourcePhysicalLocation sourcefile="com/ticketmagpie/User.java" line="25" artifacts="C:\Users\OlivieriL\Desktop\gdpr\ticketmagpie-0.1.0.jar"/>
                <sourceLogicalLocation class="User" package="com.ticketmagpie" member="password"/>
            </path>
        </paths>
    </leakage>
    <leakage sensitivedatatype="Address" leakagepointtype="DB">
        <paths>
            <path filePath="GDPR_Results.zip/Address_DB_FlowSubGraph_1_5_id_2c921b87-9526-467e-a83a-7ebaa0b09f5b.graphml">
                <sinkPhysicalLocation sourcefile="com/ticketmagpie/infrastructure/persistence/TicketRepository.java" line="25" artifacts="C:\Users\OlivieriL\Desktop\gdpr\ticketmagpie-0.1.0.jar"/>
                <sinkLogicalLocation class="TicketRepository" package="com.ticketmagpie.infrastructure.persistence" member="save"/>
                <sourcePhysicalLocation sourcefile="com/ticketmagpie/Ticket.java" line="65" artifacts="C:\Users\OlivieriL\Desktop\gdpr\ticketmagpie-0.1.0.jar"/>
                <sourceLogicalLocation class="Ticket" package="com.ticketmagpie" member="address3"/>
            </path>
            <path filePath="GDPR_Results.zip/Address_DB_FlowSubGraph_1_3_id_2c921b87-9526-467e-a83a-7ebaa0b09f5b.graphml">
                <sinkPhysicalLocation sourcefile="com/ticketmagpie/infrastructure/persistence/TicketRepository.java" line="25" artifacts="C:\Users\OlivieriL\Desktop\gdpr\ticketmagpie-0.1.0.jar"/>
                <sinkLogicalLocation class="TicketRepository" package="com.ticketmagpie.infrastructure.persistence" member="save"/>
                <sourcePhysicalLocation sourcefile="com/ticketmagpie/Ticket.java" line="57" artifacts="C:\Users\OlivieriL\Desktop\gdpr\ticketmagpie-0.1.0.jar"/>
                <sourceLogicalLocation class="Ticket" package="com.ticketmagpie" member="address1"/>
            </path>
            <path filePath="GDPR_Results.zip/Address_DB_FlowSubGraph_1_4_id_2c921b87-9526-467e-a83a-7ebaa0b09f5b.graphml">
                <sinkPhysicalLocation sourcefile="com/ticketmagpie/infrastructure/persistence/TicketRepository.java" line="25" artifacts="C:\Users\OlivieriL\Desktop\gdpr\ticketmagpie-0.1.0.jar"/>
                <sinkLogicalLocation class="TicketRepository" package="com.ticketmagpie.infrastructure.persistence" member="save"/>
                <sourcePhysicalLocation sourcefile="com/ticketmagpie/Ticket.java" line="61" artifacts="C:\Users\OlivieriL\Desktop\gdpr\ticketmagpie-0.1.0.jar"/>
                <sourceLogicalLocation class="Ticket" package="com.ticketmagpie" member="address2"/>
            </path>
        </paths>
    </leakage>
    <leakage sensitivedatatype="Surname" leakagepointtype="DB">
        <paths>
            <path filePath="GDPR_Results.zip/Surname_DB_FlowSubGraph_1_2_id_2c921b87-9526-467e-a83a-7ebaa0b09f5b.graphml">
                <sinkPhysicalLocation sourcefile="com/ticketmagpie/infrastructure/persistence/TicketRepository.java" line="25" artifacts="C:\Users\OlivieriL\Desktop\gdpr\ticketmagpie-0.1.0.jar"/>
                <sinkLogicalLocation class="TicketRepository" package="com.ticketmagpie.infrastructure.persistence" member="save"/>
                <sourcePhysicalLocation sourcefile="com/ticketmagpie/Ticket.java" line="53" artifacts="C:\Users\OlivieriL\Desktop\gdpr\ticketmagpie-0.1.0.jar"/>
                <sourceLogicalLocation class="Ticket" package="com.ticketmagpie" member="lastName"/>
            </path>
        </paths>
    </leakage>
    <leakage sensitivedatatype="Name" leakagepointtype="DB">
        <paths>
            <path filePath="GDPR_Results.zip/Name_DB_FlowSubGraph_1_1_id_2c921b87-9526-467e-a83a-7ebaa0b09f5b.graphml">
                <sinkPhysicalLocation sourcefile="com/ticketmagpie/infrastructure/persistence/TicketRepository.java" line="25" artifacts="C:\Users\OlivieriL\Desktop\gdpr\ticketmagpie-0.1.0.jar"/>
                <sinkLogicalLocation class="TicketRepository" package="com.ticketmagpie.infrastructure.persistence" member="save"/>
                <sourcePhysicalLocation sourcefile="com/ticketmagpie/Ticket.java" line="49" artifacts="C:\Users\OlivieriL\Desktop\gdpr\ticketmagpie-0.1.0.jar"/>
                <sourceLogicalLocation class="Ticket" package="com.ticketmagpie" member="firstName"/>
            </path>
        </paths>
    </leakage>
    <leakage sensitivedatatype="Password" leakagepointtype="DB">
        <paths>
            <path filePath="GDPR_Results.zip/Password_DB_FlowSubGraph_0_id_2c921b87-9526-467e-a83a-7ebaa0b09f5b.graphml">
                <sinkPhysicalLocation sourcefile="com/ticketmagpie/infrastructure/persistence/UserRepository.java" line="42" artifacts="C:\Users\OlivieriL\Desktop\gdpr\ticketmagpie-0.1.0.jar"/>
                <sinkLogicalLocation class="UserRepository" package="com.ticketmagpie.infrastructure.persistence" member="save"/>
                <sourcePhysicalLocation sourcefile="com/ticketmagpie/User.java" line="25" artifacts="C:\Users\OlivieriL\Desktop\gdpr\ticketmagpie-0.1.0.jar"/>
                <sourceLogicalLocation class="User" package="com.ticketmagpie" member="password"/>
            </path>
        </paths>
    </leakage>
</flowpaths>
